img_path,expression,label,bbox,landmarks
../Dataset/JAFFE/Train/Anger/YM.AN2.62.tiff,Anger,5,"[65, 56, 192, 222]","[(160, 126), (97, 126), (126, 163), (154, 185), (102, 186)]"
../Dataset/JAFFE/Train/Anger/NA.AN3.213.tiff,Anger,5,"[70, 62, 193, 229]","[(159, 128), (101, 128), (128, 162), (154, 192), (106, 192)]"
../Dataset/JAFFE/Train/Anger/UY.AN2.147.tiff,Anger,5,"[58, 54, 189, 232]","[(158, 126), (98, 127), (132, 161), (153, 192), (108, 193)]"
../Dataset/JAFFE/Train/Anger/KM.AN2.18.tiff,Anger,5,"[65, 61, 190, 232]","[(158, 129), (98, 128), (127, 161), (147, 195), (105, 194)]"
../Dataset/JAFFE/Train/Anger/KL.AN3.169.tiff,Anger,5,"[62, 59, 185, 224]","[(154, 129), (99, 127), (127, 157), (145, 190), (102, 187)]"
../Dataset/JAFFE/Train/Anger/MK.AN3.127.tiff,Anger,5,"[64, 58, 191, 236]","[(159, 126), (97, 125), (128, 169), (153, 193), (103, 192)]"
../Dataset/JAFFE/Train/Anger/NM.AN2.105.tiff,Anger,5,"[58, 54, 198, 248]","[(159, 127), (97, 129), (129, 169), (156, 203), (105, 204)]"
../Dataset/JAFFE/Train/Anger/TM.AN2.191.tiff,Anger,5,"[62, 57, 195, 233]","[(159, 121), (99, 133), (135, 162), (162, 187), (117, 196)]"
../Dataset/JAFFE/Train/Anger/NM.AN3.106.tiff,Anger,5,"[57, 51, 198, 247]","[(159, 126), (97, 129), (130, 168), (155, 202), (107, 204)]"
../Dataset/JAFFE/Train/Anger/KM.AN1.17.tiff,Anger,5,"[67, 53, 197, 233]","[(162, 127), (97, 125), (126, 163), (147, 203), (101, 203)]"
../Dataset/JAFFE/Train/Anger/NA.AN1.211.tiff,Anger,5,"[68, 58, 196, 236]","[(158, 126), (99, 128), (126, 163), (156, 192), (107, 193)]"
../Dataset/JAFFE/Train/Anger/KA.AN1.39.tiff,Anger,5,"[64, 63, 190, 231]","[(157, 128), (98, 129), (128, 163), (150, 193), (103, 192)]"
../Dataset/JAFFE/Train/Anger/KL.AN1.167.tiff,Anger,5,"[64, 60, 188, 222]","[(156, 127), (98, 127), (128, 159), (152, 185), (102, 184)]"
../Dataset/JAFFE/Train/Anger/KR.AN2.84.tiff,Anger,5,"[62, 58, 195, 243]","[(158, 130), (97, 131), (126, 169), (151, 203), (106, 203)]"
../Dataset/JAFFE/Train/Anger/KR.AN3.85.tiff,Anger,5,"[65, 58, 197, 240]","[(158, 129), (98, 130), (126, 167), (153, 199), (105, 199)]"
../Dataset/JAFFE/Train/Anger/MK.AN1.125.tiff,Anger,5,"[67, 58, 191, 225]","[(159, 127), (99, 128), (129, 167), (153, 186), (105, 188)]"
../Dataset/JAFFE/Train/Anger/UY.AN3.148.tiff,Anger,5,"[59, 55, 189, 231]","[(158, 127), (97, 129), (131, 161), (154, 193), (109, 195)]"
../Dataset/JAFFE/Train/Anger/KR.AN1.83.tiff,Anger,5,"[69, 58, 190, 242]","[(157, 128), (98, 128), (128, 167), (150, 199), (104, 199)]"
../Dataset/JAFFE/Train/Anger/KA.AN2.40.tiff,Anger,5,"[55, 59, 188, 236]","[(159, 127), (99, 131), (135, 170), (155, 195), (109, 196)]"
../Dataset/JAFFE/Train/Anger/KL.AN2.168.tiff,Anger,5,"[66, 62, 187, 219]","[(156, 126), (100, 127), (129, 156), (153, 182), (104, 183)]"
../Dataset/JAFFE/Train/Anger/KA.AN3.41.tiff,Anger,5,"[58, 60, 190, 242]","[(160, 127), (100, 131), (136, 167), (157, 198), (111, 201)]"
../Dataset/JAFFE/Train/Anger/TM.AN3.192.tiff,Anger,5,"[67, 56, 196, 228]","[(160, 122), (98, 131), (135, 163), (162, 187), (115, 194)]"
../Dataset/JAFFE/Train/Anger/MK.AN2.126.tiff,Anger,5,"[66, 57, 192, 226]","[(158, 125), (97, 127), (128, 166), (153, 188), (105, 188)]"
../Dataset/JAFFE/Train/Anger/YM.AN1.61.tiff,Anger,5,"[61, 51, 194, 233]","[(160, 127), (97, 127), (128, 167), (153, 196), (104, 195)]"
../Dataset/JAFFE/Train/Anger/UY.AN1.146.tiff,Anger,5,"[58, 54, 189, 235]","[(158, 126), (98, 127), (132, 160), (153, 193), (108, 194)]"
../Dataset/JAFFE/Train/Anger/NA.AN2.212.tiff,Anger,5,"[65, 54, 196, 235]","[(159, 125), (98, 129), (127, 165), (156, 192), (107, 194)]"
../Dataset/JAFFE/Train/Anger/KM.AN3.19.tiff,Anger,5,"[63, 60, 192, 234]","[(158, 130), (99, 129), (128, 161), (148, 195), (105, 195)]"
../Dataset/JAFFE/Train/Anger/NM.AN1.104.tiff,Anger,5,"[57, 53, 197, 248]","[(157, 126), (96, 128), (128, 168), (154, 201), (103, 202)]"
../Dataset/JAFFE/Train/Anger/TM.AN1.190.tiff,Anger,5,"[63, 56, 195, 230]","[(161, 123), (99, 132), (136, 162), (160, 190), (116, 196)]"
../Dataset/JAFFE/Train/Anger/YM.AN3.63.tiff,Anger,5,"[62, 51, 196, 234]","[(162, 126), (98, 128), (129, 167), (155, 195), (107, 196)]"
../Dataset/JAFFE/Train/Sad/KA.SA1.33.tiff,Sad,4,"[67, 57, 190, 235]","[(158, 128), (99, 127), (128, 167), (150, 196), (103, 195)]"
../Dataset/JAFFE/Train/Sad/NA.SA2.206.tiff,Sad,4,"[73, 62, 191, 232]","[(157, 127), (101, 126), (125, 160), (150, 192), (103, 190)]"
../Dataset/JAFFE/Train/Sad/NM.SA1.98.tiff,Sad,4,"[55, 57, 194, 250]","[(159, 129), (97, 125), (126, 160), (147, 204), (99, 201)]"
../Dataset/JAFFE/Train/Sad/NA.SA1.205.tiff,Sad,4,"[64, 57, 193, 233]","[(159, 128), (100, 127), (125, 162), (149, 194), (103, 193)]"
../Dataset/JAFFE/Train/Sad/MK.SA2.120.tiff,Sad,4,"[64, 57, 193, 231]","[(157, 127), (100, 128), (128, 163), (153, 191), (105, 191)]"
../Dataset/JAFFE/Train/Sad/NA.SA3.207.tiff,Sad,4,"[68, 60, 194, 233]","[(158, 128), (99, 129), (125, 163), (150, 195), (103, 194)]"
../Dataset/JAFFE/Train/Sad/KA.SA3.35.tiff,Sad,4,"[62, 56, 191, 238]","[(161, 129), (100, 128), (131, 167), (154, 197), (104, 195)]"
../Dataset/JAFFE/Train/Sad/YM.SA3.57.tiff,Sad,4,"[67, 59, 197, 236]","[(162, 127), (99, 125), (127, 161), (156, 193), (99, 191)]"
../Dataset/JAFFE/Train/Sad/KM.SA3.11.tiff,Sad,4,"[65, 58, 194, 230]","[(159, 129), (100, 126), (128, 161), (148, 192), (105, 191)]"
../Dataset/JAFFE/Train/Sad/KL.SA1.161.tiff,Sad,4,"[69, 61, 191, 224]","[(157, 126), (101, 127), (130, 160), (153, 186), (107, 188)]"
../Dataset/JAFFE/Train/Sad/YM.SA2.56.tiff,Sad,4,"[61, 52, 196, 233]","[(160, 127), (98, 125), (126, 160), (152, 192), (101, 190)]"
../Dataset/JAFFE/Train/Sad/MK.SA1.119.tiff,Sad,4,"[64, 54, 198, 233]","[(159, 128), (98, 128), (127, 166), (154, 193), (103, 193)]"
../Dataset/JAFFE/Train/Sad/UY.SA3.142.tiff,Sad,4,"[58, 53, 193, 234]","[(160, 125), (97, 127), (131, 159), (154, 194), (107, 194)]"
../Dataset/JAFFE/Train/Sad/NM.SA3.100.tiff,Sad,4,"[57, 58, 199, 252]","[(160, 128), (96, 130), (127, 164), (153, 206), (105, 206)]"
../Dataset/JAFFE/Train/Sad/NM.SA2.99.tiff,Sad,4,"[57, 58, 195, 251]","[(160, 128), (97, 126), (127, 161), (148, 204), (101, 203)]"
../Dataset/JAFFE/Train/Sad/KM.SA5.13.tiff,Sad,4,"[67, 60, 197, 235]","[(157, 128), (99, 128), (128, 161), (151, 194), (108, 195)]"
../Dataset/JAFFE/Train/Sad/KR.SA2.78.tiff,Sad,4,"[65, 59, 196, 244]","[(158, 127), (100, 130), (127, 166), (153, 201), (108, 202)]"
../Dataset/JAFFE/Train/Sad/KA.SA2.34.tiff,Sad,4,"[62, 52, 196, 238]","[(160, 128), (99, 129), (128, 170), (149, 199), (105, 199)]"
../Dataset/JAFFE/Train/Sad/TM.SA2.185.tiff,Sad,4,"[62, 58, 194, 235]","[(159, 125), (98, 130), (133, 162), (157, 189), (111, 193)]"
../Dataset/JAFFE/Train/Sad/YM.SA1.55.tiff,Sad,4,"[64, 56, 195, 231]","[(161, 128), (98, 126), (127, 160), (150, 195), (103, 194)]"
../Dataset/JAFFE/Train/Sad/KL.SA2.162.tiff,Sad,4,"[69, 61, 188, 220]","[(157, 125), (101, 126), (130, 157), (152, 184), (107, 185)]"
../Dataset/JAFFE/Train/Sad/KM.SA1.9.tiff,Sad,4,"[63, 52, 198, 236]","[(161, 127), (97, 127), (126, 160), (147, 197), (101, 197)]"
../Dataset/JAFFE/Train/Sad/KR.SA1.77.tiff,Sad,4,"[62, 61, 194, 246]","[(157, 128), (98, 130), (126, 167), (151, 202), (106, 203)]"
../Dataset/JAFFE/Train/Sad/MK.SA3.121.tiff,Sad,4,"[67, 65, 191, 230]","[(158, 126), (99, 126), (130, 162), (153, 191), (105, 190)]"
../Dataset/JAFFE/Train/Sad/TM.SA3.186.tiff,Sad,4,"[66, 57, 193, 230]","[(159, 125), (99, 129), (129, 160), (155, 189), (109, 192)]"
../Dataset/JAFFE/Train/Sad/UY.SA1.140.tiff,Sad,4,"[57, 52, 196, 242]","[(160, 127), (98, 128), (134, 162), (157, 196), (109, 198)]"
../Dataset/JAFFE/Train/Sad/KL.SA3.163.tiff,Sad,4,"[67, 60, 191, 230]","[(158, 127), (101, 126), (130, 161), (151, 189), (107, 188)]"
../Dataset/JAFFE/Train/Sad/KM.SA2.10.tiff,Sad,4,"[67, 59, 194, 228]","[(159, 130), (98, 127), (124, 160), (146, 194), (103, 194)]"
../Dataset/JAFFE/Train/Sad/UY.SA2.141.tiff,Sad,4,"[59, 55, 190, 234]","[(158, 127), (97, 128), (131, 160), (155, 193), (107, 195)]"
../Dataset/JAFFE/Train/Sad/TM.SA1.184.tiff,Sad,4,"[65, 59, 194, 234]","[(161, 127), (100, 129), (132, 159), (155, 190), (109, 192)]"
../Dataset/JAFFE/Train/Disgust/KA.DI2.43.tiff,Disgust,2,"[59, 59, 190, 240]","[(159, 129), (100, 127), (132, 165), (150, 200), (101, 195)]"
../Dataset/JAFFE/Train/Disgust/NA.DI3.216.tiff,Disgust,2,"[63, 59, 192, 231]","[(160, 129), (100, 126), (127, 160), (147, 195), (99, 191)]"
../Dataset/JAFFE/Train/Disgust/KR.DI3.88.tiff,Disgust,2,"[65, 63, 195, 244]","[(159, 130), (98, 131), (127, 170), (152, 204), (106, 204)]"
../Dataset/JAFFE/Train/Disgust/TM.DI2.194.tiff,Disgust,2,"[65, 58, 196, 242]","[(160, 124), (98, 127), (131, 160), (156, 193), (106, 196)]"
../Dataset/JAFFE/Train/Disgust/NM.DI3.109.tiff,Disgust,2,"[47, 44, 189, 246]","[(159, 127), (95, 128), (133, 167), (150, 204), (102, 203)]"
../Dataset/JAFFE/Train/Disgust/MK.DI2.129.tiff,Disgust,2,"[52, 52, 190, 239]","[(156, 130), (97, 127), (129, 169), (146, 197), (99, 195)]"
../Dataset/JAFFE/Train/Disgust/YM.DI3.66.tiff,Disgust,2,"[64, 53, 197, 232]","[(160, 126), (99, 126), (128, 162), (153, 191), (105, 192)]"
../Dataset/JAFFE/Train/Disgust/KM.DI1.20.tiff,Disgust,2,"[69, 64, 196, 237]","[(157, 129), (98, 131), (123, 159), (146, 196), (105, 197)]"
../Dataset/JAFFE/Train/Disgust/KL.DI3.172.tiff,Disgust,2,"[66, 58, 193, 225]","[(158, 125), (102, 127), (130, 157), (153, 185), (107, 186)]"
../Dataset/JAFFE/Train/Disgust/MK.DI1.128.tiff,Disgust,2,"[56, 53, 190, 234]","[(158, 128), (98, 126), (129, 166), (147, 195), (101, 193)]"
../Dataset/JAFFE/Train/Disgust/KL.DI2.171.tiff,Disgust,2,"[66, 60, 189, 230]","[(157, 126), (100, 126), (129, 160), (151, 188), (105, 189)]"
../Dataset/JAFFE/Train/Disgust/KA.DI1.42.tiff,Disgust,2,"[59, 59, 190, 240]","[(159, 128), (99, 127), (131, 165), (150, 199), (102, 196)]"
../Dataset/JAFFE/Train/Disgust/YM.DI1.64.tiff,Disgust,2,"[65, 54, 199, 236]","[(159, 125), (99, 127), (130, 162), (156, 190), (107, 193)]"
../Dataset/JAFFE/Train/Disgust/NM.DI1.107.tiff,Disgust,2,"[50, 46, 195, 248]","[(159, 129), (95, 128), (131, 169), (149, 205), (99, 202)]"
../Dataset/JAFFE/Train/Disgust/KR.DI2.87.tiff,Disgust,2,"[60, 57, 199, 251]","[(159, 128), (97, 129), (126, 167), (150, 206), (103, 205)]"
../Dataset/JAFFE/Train/Disgust/KL.DI4.173.tiff,Disgust,2,"[65, 60, 190, 227]","[(158, 124), (100, 127), (131, 159), (154, 186), (108, 188)]"
../Dataset/JAFFE/Train/Disgust/YM.DI2.65.tiff,Disgust,2,"[65, 57, 196, 233]","[(161, 125), (98, 126), (129, 162), (154, 193), (105, 193)]"
../Dataset/JAFFE/Train/Disgust/KL.DI1.170.tiff,Disgust,2,"[66, 62, 188, 229]","[(157, 126), (101, 128), (131, 158), (153, 185), (108, 187)]"
../Dataset/JAFFE/Train/Disgust/UY.DI3.151.tiff,Disgust,2,"[58, 55, 187, 231]","[(159, 128), (101, 127), (135, 161), (152, 193), (107, 194)]"
../Dataset/JAFFE/Train/Disgust/NA.DI1.214.tiff,Disgust,2,"[69, 57, 202, 239]","[(160, 124), (100, 130), (127, 162), (158, 194), (112, 197)]"
../Dataset/JAFFE/Train/Disgust/KA.DI3.44.tiff,Disgust,2,"[56, 50, 191, 246]","[(161, 127), (98, 125), (131, 166), (149, 203), (100, 199)]"
../Dataset/JAFFE/Train/Disgust/UY.DI2.150.tiff,Disgust,2,"[57, 50, 191, 234]","[(162, 126), (100, 125), (137, 160), (155, 195), (107, 195)]"
../Dataset/JAFFE/Train/Disgust/TM.DI1.193.tiff,Disgust,2,"[71, 54, 202, 234]","[(161, 125), (101, 127), (127, 162), (155, 191), (108, 193)]"
../Dataset/JAFFE/Train/Disgust/MK.DI3.130.tiff,Disgust,2,"[51, 56, 183, 235]","[(156, 129), (97, 126), (130, 164), (146, 194), (97, 192)]"
../Dataset/JAFFE/Train/Disgust/TM.DI3.195.tiff,Disgust,2,"[68, 57, 195, 232]","[(159, 124), (98, 127), (127, 163), (157, 192), (107, 196)]"
../Dataset/JAFFE/Train/Disgust/KR.DI1.86.tiff,Disgust,2,"[63, 55, 197, 249]","[(159, 127), (98, 128), (126, 167), (150, 203), (106, 203)]"
../Dataset/JAFFE/Train/Disgust/KM.DI3.22.tiff,Disgust,2,"[65, 60, 194, 232]","[(157, 126), (98, 129), (126, 156), (149, 192), (106, 195)]"
../Dataset/JAFFE/Train/Disgust/NA.DI2.215.tiff,Disgust,2,"[63, 58, 191, 237]","[(160, 127), (99, 126), (129, 162), (152, 195), (101, 194)]"
../Dataset/JAFFE/Train/Disgust/UY.DI1.149.tiff,Disgust,2,"[56, 52, 189, 235]","[(159, 127), (100, 127), (134, 161), (153, 193), (107, 194)]"
../Dataset/JAFFE/Train/Surprised/KL.SU2.165.tiff,Surprised,0,"[66, 63, 188, 242]","[(158, 127), (101, 129), (131, 161), (151, 199), (110, 200)]"
../Dataset/JAFFE/Train/Surprised/MK.SU2.123.tiff,Surprised,0,"[57, 57, 193, 246]","[(160, 127), (98, 126), (132, 162), (149, 202), (110, 201)]"
../Dataset/JAFFE/Train/Surprised/KA.SU2.37.tiff,Surprised,0,"[69, 57, 193, 238]","[(159, 127), (99, 128), (128, 164), (153, 196), (105, 196)]"
../Dataset/JAFFE/Train/Surprised/KL.SU1.164.tiff,Surprised,0,"[62, 60, 188, 237]","[(157, 126), (99, 129), (131, 162), (151, 197), (111, 198)]"
../Dataset/JAFFE/Train/Surprised/UY.SU1.143.tiff,Surprised,0,"[59, 57, 190, 237]","[(159, 128), (98, 128), (132, 161), (153, 197), (108, 196)]"
../Dataset/JAFFE/Train/Surprised/KA.SU1.36.tiff,Surprised,0,"[60, 56, 195, 240]","[(159, 129), (97, 127), (126, 165), (148, 202), (99, 197)]"
../Dataset/JAFFE/Train/Surprised/UY.SU3.145.tiff,Surprised,0,"[58, 56, 189, 235]","[(159, 128), (99, 128), (135, 160), (153, 195), (109, 196)]"
../Dataset/JAFFE/Train/Surprised/NM.SU1.101.tiff,Surprised,0,"[57, 61, 190, 250]","[(158, 129), (99, 130), (131, 161), (151, 204), (107, 204)]"
../Dataset/JAFFE/Train/Surprised/NA.SU1.208.tiff,Surprised,0,"[66, 56, 191, 239]","[(159, 126), (99, 129), (131, 166), (161, 187), (102, 190)]"
../Dataset/JAFFE/Train/Surprised/YM.SU3.60.tiff,Surprised,0,"[56, 55, 193, 248]","[(160, 127), (97, 127), (129, 160), (149, 202), (107, 202)]"
../Dataset/JAFFE/Train/Surprised/NM.SU3.103.tiff,Surprised,0,"[57, 57, 193, 253]","[(158, 129), (98, 130), (130, 164), (151, 205), (107, 206)]"
../Dataset/JAFFE/Train/Surprised/KM.SU2.15.tiff,Surprised,0,"[55, 57, 189, 255]","[(159, 126), (97, 125), (129, 156), (147, 204), (105, 203)]"
../Dataset/JAFFE/Train/Surprised/TM.SU2.188.tiff,Surprised,0,"[71, 59, 193, 235]","[(159, 124), (99, 127), (130, 158), (153, 191), (110, 193)]"
../Dataset/JAFFE/Train/Surprised/UY.SU2.144.tiff,Surprised,0,"[51, 52, 191, 241]","[(160, 127), (97, 127), (134, 160), (154, 198), (108, 198)]"
../Dataset/JAFFE/Train/Surprised/YM.SU1.58.tiff,Surprised,0,"[56, 49, 193, 249]","[(160, 126), (95, 127), (128, 163), (148, 202), (107, 203)]"
../Dataset/JAFFE/Train/Surprised/MK.SU3.124.tiff,Surprised,0,"[53, 56, 195, 250]","[(160, 127), (97, 127), (132, 164), (150, 202), (105, 202)]"
../Dataset/JAFFE/Train/Surprised/KL.SU3.166.tiff,Surprised,0,"[65, 61, 191, 243]","[(157, 125), (98, 127), (130, 161), (152, 198), (110, 199)]"
../Dataset/JAFFE/Train/Surprised/TM.SU3.189.tiff,Surprised,0,"[72, 59, 196, 234]","[(161, 124), (99, 125), (128, 158), (152, 194), (107, 195)]"
../Dataset/JAFFE/Train/Surprised/KR.SU2.81.tiff,Surprised,0,"[59, 71, 185, 245]","[(156, 132), (96, 132), (130, 166), (147, 203), (105, 203)]"
../Dataset/JAFFE/Train/Surprised/NA.SU2.209.tiff,Surprised,0,"[64, 58, 196, 242]","[(159, 127), (97, 129), (128, 164), (154, 196), (102, 196)]"
../Dataset/JAFFE/Train/Surprised/KA.SU3.38.tiff,Surprised,0,"[62, 55, 193, 239]","[(158, 128), (98, 129), (129, 165), (148, 200), (107, 200)]"
../Dataset/JAFFE/Train/Surprised/NM.SU2.102.tiff,Surprised,0,"[56, 59, 193, 253]","[(158, 129), (97, 130), (130, 162), (149, 206), (106, 206)]"
../Dataset/JAFFE/Train/Surprised/NA.SU3.210.tiff,Surprised,0,"[67, 52, 198, 240]","[(160, 127), (98, 128), (125, 163), (151, 198), (106, 198)]"
../Dataset/JAFFE/Train/Surprised/KR.SU3.82.tiff,Surprised,0,"[63, 69, 191, 244]","[(158, 133), (98, 132), (128, 165), (148, 204), (105, 203)]"
../Dataset/JAFFE/Train/Surprised/KM.SU3.16.tiff,Surprised,0,"[63, 63, 193, 251]","[(162, 128), (97, 125), (131, 157), (148, 206), (106, 204)]"
../Dataset/JAFFE/Train/Surprised/KM.SU1.14.tiff,Surprised,0,"[58, 67, 188, 251]","[(159, 130), (97, 128), (128, 156), (146, 204), (102, 202)]"
../Dataset/JAFFE/Train/Surprised/TM.SU1.187.tiff,Surprised,0,"[70, 63, 193, 233]","[(159, 126), (100, 129), (127, 157), (152, 192), (109, 194)]"
../Dataset/JAFFE/Train/Surprised/MK.SU1.122.tiff,Surprised,0,"[56, 66, 196, 248]","[(161, 129), (97, 129), (133, 161), (152, 206), (108, 204)]"
../Dataset/JAFFE/Train/Surprised/YM.SU2.59.tiff,Surprised,0,"[61, 51, 194, 240]","[(162, 125), (96, 125), (130, 161), (155, 190), (102, 191)]"
../Dataset/JAFFE/Train/Surprised/KR.SU1.80.tiff,Surprised,0,"[62, 60, 199, 250]","[(158, 126), (96, 129), (126, 162), (150, 204), (105, 204)]"
../Dataset/JAFFE/Train/Happy/TM.HA1.180.tiff,Happy,3,"[65, 58, 192, 231]","[(159, 128), (99, 127), (127, 162), (152, 186), (101, 187)]"
../Dataset/JAFFE/Train/Happy/NM.HA2.96.tiff,Happy,3,"[56, 56, 195, 241]","[(159, 128), (96, 128), (128, 165), (156, 197), (99, 196)]"
../Dataset/JAFFE/Train/Happy/YM.HA2.53.tiff,Happy,3,"[60, 55, 192, 232]","[(163, 126), (98, 124), (129, 161), (160, 181), (97, 181)]"
../Dataset/JAFFE/Train/Happy/YM.HA1.52.tiff,Happy,3,"[66, 59, 189, 226]","[(159, 126), (97, 127), (129, 161), (156, 184), (103, 186)]"
../Dataset/JAFFE/Train/Happy/MK.HA1.116.tiff,Happy,3,"[70, 61, 188, 230]","[(158, 128), (100, 128), (129, 163), (159, 183), (100, 185)]"
../Dataset/JAFFE/Train/Happy/UY.HA1.137.tiff,Happy,3,"[55, 55, 189, 237]","[(160, 128), (98, 127), (131, 160), (154, 192), (103, 192)]"
../Dataset/JAFFE/Train/Happy/KR.HA2.75.tiff,Happy,3,"[65, 60, 194, 238]","[(157, 128), (98, 129), (126, 165), (156, 193), (100, 193)]"
../Dataset/JAFFE/Train/Happy/KA.HA1.29.tiff,Happy,3,"[64, 53, 200, 241]","[(162, 127), (99, 128), (130, 166), (157, 194), (101, 193)]"
../Dataset/JAFFE/Train/Happy/UY.HA2.138.tiff,Happy,3,"[59, 56, 188, 233]","[(159, 128), (99, 127), (133, 161), (154, 190), (104, 190)]"
../Dataset/JAFFE/Train/Happy/KM.HA1.4.tiff,Happy,3,"[63, 63, 188, 238]","[(158, 129), (97, 127), (128, 164), (156, 188), (94, 186)]"
../Dataset/JAFFE/Train/Happy/KA.HA4.32.tiff,Happy,3,"[62, 52, 195, 236]","[(159, 130), (97, 126), (124, 170), (147, 196), (97, 193)]"
../Dataset/JAFFE/Train/Happy/KA.HA2.30.tiff,Happy,3,"[66, 54, 194, 236]","[(160, 128), (98, 127), (128, 169), (154, 194), (100, 192)]"
../Dataset/JAFFE/Train/Happy/MK.HA3.118.tiff,Happy,3,"[64, 53, 198, 235]","[(161, 127), (98, 128), (129, 169), (159, 186), (102, 188)]"
../Dataset/JAFFE/Train/Happy/MK.HA2.117.tiff,Happy,3,"[69, 61, 189, 225]","[(157, 128), (100, 128), (129, 164), (156, 182), (103, 183)]"
../Dataset/JAFFE/Train/Happy/NA.HA2.203.tiff,Happy,3,"[71, 65, 192, 230]","[(157, 126), (100, 127), (125, 160), (159, 184), (99, 183)]"
../Dataset/JAFFE/Train/Happy/NM.HA1.95.tiff,Happy,3,"[57, 53, 199, 246]","[(160, 129), (97, 128), (127, 165), (155, 199), (100, 198)]"
../Dataset/JAFFE/Train/Happy/NA.HA1.202.tiff,Happy,3,"[70, 62, 193, 233]","[(158, 127), (100, 128), (127, 162), (160, 184), (99, 184)]"
../Dataset/JAFFE/Train/Happy/TM.HA2.181.tiff,Happy,3,"[61, 55, 193, 232]","[(160, 125), (97, 127), (130, 162), (156, 186), (102, 188)]"
../Dataset/JAFFE/Train/Happy/UY.HA3.139.tiff,Happy,3,"[59, 55, 192, 230]","[(159, 127), (99, 127), (130, 160), (155, 188), (102, 188)]"
../Dataset/JAFFE/Train/Happy/YM.HA3.54.tiff,Happy,3,"[63, 55, 192, 230]","[(160, 126), (97, 128), (130, 163), (160, 180), (101, 184)]"
../Dataset/JAFFE/Train/Happy/KR.SA3.79.tiff,Happy,3,"[65, 60, 192, 236]","[(157, 127), (99, 128), (127, 164), (154, 192), (103, 192)]"
../Dataset/JAFFE/Train/Happy/NA.HA3.204.tiff,Happy,3,"[67, 61, 194, 229]","[(159, 127), (100, 127), (126, 161), (160, 184), (100, 182)]"
../Dataset/JAFFE/Train/Happy/TM.HA3.182.tiff,Happy,3,"[67, 61, 189, 226]","[(158, 125), (99, 129), (131, 161), (157, 182), (105, 187)]"
../Dataset/JAFFE/Train/Happy/KL.HA3.160.tiff,Happy,3,"[65, 63, 189, 226]","[(159, 126), (100, 129), (131, 159), (159, 180), (103, 183)]"
../Dataset/JAFFE/Train/Happy/KR.HA1.74.tiff,Happy,3,"[62, 58, 194, 236]","[(157, 128), (99, 129), (128, 165), (153, 193), (103, 192)]"
../Dataset/JAFFE/Train/Happy/KL.HA2.159.tiff,Happy,3,"[64, 63, 189, 227]","[(160, 125), (100, 128), (134, 163), (160, 181), (102, 184)]"
../Dataset/JAFFE/Train/Happy/KA.HA3.31.tiff,Happy,3,"[66, 56, 192, 240]","[(159, 127), (98, 125), (127, 168), (151, 195), (99, 192)]"
../Dataset/JAFFE/Train/Happy/KL.HA1.158.tiff,Happy,3,"[63, 59, 187, 225]","[(158, 125), (100, 128), (133, 163), (159, 180), (103, 182)]"
../Dataset/JAFFE/Train/Happy/KM.HA2.5.tiff,Happy,3,"[64, 58, 194, 239]","[(159, 128), (98, 127), (128, 162), (157, 188), (97, 186)]"
../Dataset/JAFFE/Train/Happy/KM.HA4.7.tiff,Happy,3,"[59, 54, 197, 238]","[(159, 127), (98, 126), (130, 162), (159, 187), (96, 186)]"
../Dataset/JAFFE/Train/Happy/KM.HA3.6.tiff,Happy,3,"[64, 63, 192, 237]","[(159, 129), (98, 128), (128, 163), (155, 189), (98, 187)]"
../Dataset/JAFFE/Train/Happy/NM.HA3.97.tiff,Happy,3,"[64, 57, 198, 243]","[(158, 128), (98, 127), (126, 164), (154, 198), (102, 197)]"
../Dataset/JAFFE/Train/Neutral/KM.NE3.3.tiff,Neutral,6,"[62, 59, 194, 234]","[(157, 129), (98, 128), (125, 161), (149, 196), (102, 195)]"
../Dataset/JAFFE/Train/Neutral/MK.NE2.114.tiff,Neutral,6,"[62, 58, 194, 234]","[(159, 128), (96, 128), (127, 161), (153, 193), (105, 193)]"
../Dataset/JAFFE/Train/Neutral/MK.NE1.113.tiff,Neutral,6,"[63, 59, 194, 237]","[(160, 128), (97, 129), (128, 164), (155, 195), (105, 194)]"
../Dataset/JAFFE/Train/Neutral/YM.NE1.49.tiff,Neutral,6,"[64, 53, 199, 238]","[(161, 127), (97, 128), (128, 162), (154, 194), (105, 195)]"
../Dataset/JAFFE/Train/Neutral/NA.NE1.199.tiff,Neutral,6,"[69, 59, 192, 226]","[(157, 127), (101, 128), (124, 157), (152, 187), (104, 187)]"
../Dataset/JAFFE/Train/Neutral/KL.NE1.155.tiff,Neutral,6,"[66, 63, 189, 226]","[(157, 129), (100, 128), (129, 159), (149, 192), (106, 190)]"
../Dataset/JAFFE/Train/Neutral/KL.NE3.157.tiff,Neutral,6,"[66, 63, 189, 226]","[(157, 129), (100, 127), (129, 159), (149, 191), (106, 190)]"
../Dataset/JAFFE/Train/Neutral/TM.NE3.179.tiff,Neutral,6,"[64, 54, 191, 227]","[(159, 126), (98, 127), (127, 160), (151, 188), (106, 189)]"
../Dataset/JAFFE/Train/Neutral/NA.NE2.200.tiff,Neutral,6,"[69, 57, 192, 229]","[(157, 127), (100, 128), (124, 157), (152, 188), (103, 188)]"
../Dataset/JAFFE/Train/Neutral/KM.NE1.1.tiff,Neutral,6,"[62, 58, 194, 233]","[(159, 129), (98, 127), (127, 160), (148, 197), (104, 195)]"
../Dataset/JAFFE/Train/Neutral/NM.NE3.94.tiff,Neutral,6,"[62, 57, 199, 248]","[(160, 129), (97, 130), (129, 164), (154, 204), (106, 204)]"
../Dataset/JAFFE/Train/Neutral/NA.NE3.201.tiff,Neutral,6,"[71, 64, 194, 230]","[(158, 127), (99, 128), (127, 156), (154, 189), (103, 188)]"
../Dataset/JAFFE/Train/Neutral/KM.NE2.2.tiff,Neutral,6,"[63, 56, 194, 232]","[(160, 129), (98, 127), (128, 161), (149, 195), (103, 195)]"
../Dataset/JAFFE/Train/Neutral/UY.NE1.134.tiff,Neutral,6,"[58, 56, 190, 232]","[(160, 129), (99, 128), (133, 158), (152, 194), (106, 193)]"
../Dataset/JAFFE/Train/Neutral/KR.NE2.72.tiff,Neutral,6,"[64, 59, 196, 243]","[(158, 127), (99, 130), (127, 164), (153, 199), (108, 200)]"
../Dataset/JAFFE/Train/Neutral/KA.NE3.28.tiff,Neutral,6,"[63, 52, 200, 239]","[(161, 128), (97, 129), (129, 171), (153, 197), (105, 197)]"
../Dataset/JAFFE/Train/Neutral/NM.NE1.92.tiff,Neutral,6,"[65, 56, 201, 249]","[(159, 128), (97, 130), (128, 162), (154, 203), (107, 203)]"
../Dataset/JAFFE/Train/Neutral/NM.NE2.93.tiff,Neutral,6,"[62, 56, 200, 248]","[(160, 129), (96, 130), (128, 164), (154, 203), (106, 204)]"
../Dataset/JAFFE/Train/Neutral/MK.NE3.115.tiff,Neutral,6,"[66, 57, 194, 231]","[(159, 126), (98, 128), (128, 159), (155, 190), (106, 191)]"
../Dataset/JAFFE/Train/Neutral/TM.NE1.177.tiff,Neutral,6,"[68, 56, 191, 225]","[(160, 125), (98, 127), (130, 160), (155, 189), (105, 191)]"
../Dataset/JAFFE/Train/Neutral/KR.NE1.71.tiff,Neutral,6,"[64, 60, 195, 244]","[(157, 127), (98, 130), (126, 160), (153, 199), (106, 200)]"
../Dataset/JAFFE/Train/Neutral/UY.NE2.135.tiff,Neutral,6,"[61, 60, 187, 233]","[(159, 128), (98, 128), (131, 157), (153, 193), (108, 193)]"
../Dataset/JAFFE/Train/Neutral/KR.NE3.73.tiff,Neutral,6,"[61, 59, 199, 249]","[(159, 128), (97, 129), (129, 162), (152, 203), (105, 203)]"
../Dataset/JAFFE/Train/Neutral/KL.NE2.156.tiff,Neutral,6,"[66, 64, 189, 226]","[(156, 128), (99, 128), (129, 159), (150, 190), (106, 190)]"
../Dataset/JAFFE/Train/Neutral/YM.NE2.50.tiff,Neutral,6,"[64, 57, 191, 231]","[(160, 127), (98, 126), (129, 161), (154, 190), (105, 190)]"
../Dataset/JAFFE/Train/Neutral/KA.NE1.26.tiff,Neutral,6,"[63, 51, 196, 237]","[(161, 128), (98, 127), (129, 169), (152, 196), (104, 195)]"
../Dataset/JAFFE/Train/Neutral/TM.NE2.178.tiff,Neutral,6,"[64, 56, 193, 232]","[(160, 127), (99, 128), (129, 161), (152, 190), (106, 190)]"
../Dataset/JAFFE/Train/Neutral/UY.NE3.136.tiff,Neutral,6,"[53, 54, 190, 235]","[(160, 129), (98, 127), (134, 157), (152, 194), (106, 193)]"
../Dataset/JAFFE/Train/Neutral/KA.NE2.27.tiff,Neutral,6,"[63, 52, 197, 236]","[(161, 127), (98, 126), (130, 171), (154, 197), (105, 195)]"
../Dataset/JAFFE/Train/Neutral/YM.NE3.51.tiff,Neutral,6,"[66, 57, 191, 231]","[(161, 126), (98, 127), (130, 162), (155, 191), (106, 193)]"
../Dataset/JAFFE/Train/Fear/MK.FE1.131.tiff,Fear,1,"[68, 63, 191, 232]","[(157, 126), (100, 127), (129, 164), (155, 190), (106, 191)]"
../Dataset/JAFFE/Train/Fear/NA.FE3.219.tiff,Fear,1,"[67, 60, 195, 232]","[(158, 128), (99, 128), (124, 161), (152, 194), (101, 193)]"
../Dataset/JAFFE/Train/Fear/YM.FE3.69.tiff,Fear,1,"[62, 59, 190, 240]","[(159, 128), (96, 126), (127, 157), (153, 197), (100, 196)]"
../Dataset/JAFFE/Train/Fear/UY.FE2.153.tiff,Fear,1,"[53, 51, 188, 240]","[(158, 128), (97, 126), (131, 162), (149, 196), (103, 195)]"
../Dataset/JAFFE/Train/Fear/KA.FE2.46.tiff,Fear,1,"[54, 53, 191, 249]","[(160, 128), (100, 127), (133, 167), (152, 202), (103, 202)]"
../Dataset/JAFFE/Train/Fear/KA.FE3.47.tiff,Fear,1,"[62, 58, 193, 243]","[(160, 128), (100, 127), (132, 164), (151, 202), (104, 199)]"
../Dataset/JAFFE/Train/Fear/TM.FE3.198.tiff,Fear,1,"[66, 58, 188, 237]","[(156, 126), (99, 127), (130, 159), (150, 191), (106, 193)]"
../Dataset/JAFFE/Train/Fear/KR.FE3.91.tiff,Fear,1,"[62, 70, 194, 248]","[(159, 135), (98, 133), (128, 168), (150, 207), (104, 205)]"
../Dataset/JAFFE/Train/Fear/NM.FE3.112.tiff,Fear,1,"[59, 64, 193, 245]","[(159, 130), (98, 131), (129, 160), (150, 203), (107, 203)]"
../Dataset/JAFFE/Train/Fear/KL.FE1.174.tiff,Fear,1,"[68, 63, 188, 228]","[(156, 127), (100, 129), (130, 161), (153, 190), (108, 191)]"
../Dataset/JAFFE/Train/Fear/NA.FE2.218.tiff,Fear,1,"[68, 60, 193, 233]","[(158, 127), (99, 128), (125, 159), (151, 193), (102, 192)]"
../Dataset/JAFFE/Train/Fear/NM.FE2.111.tiff,Fear,1,"[55, 60, 198, 256]","[(161, 128), (97, 129), (131, 162), (154, 207), (108, 208)]"
../Dataset/JAFFE/Train/Fear/MK.FE3.133.tiff,Fear,1,"[67, 64, 198, 240]","[(160, 126), (101, 131), (128, 166), (161, 192), (107, 195)]"
../Dataset/JAFFE/Train/Fear/KM.FE3.25.tiff,Fear,1,"[67, 60, 195, 238]","[(157, 126), (99, 126), (125, 159), (152, 195), (104, 194)]"
../Dataset/JAFFE/Train/Fear/YM.FE1.67.tiff,Fear,1,"[62, 54, 195, 236]","[(160, 125), (99, 125), (129, 162), (155, 194), (104, 195)]"
../Dataset/JAFFE/Train/Fear/NM.FE1.110.tiff,Fear,1,"[59, 60, 199, 249]","[(160, 127), (97, 130), (130, 163), (154, 203), (110, 206)]"
../Dataset/JAFFE/Train/Fear/NA.FE1.217.tiff,Fear,1,"[70, 63, 190, 233]","[(157, 128), (99, 127), (125, 160), (151, 193), (102, 192)]"
../Dataset/JAFFE/Train/Fear/KR.FE1.89.tiff,Fear,1,"[63, 68, 191, 246]","[(159, 131), (98, 129), (130, 165), (149, 203), (105, 202)]"
../Dataset/JAFFE/Train/Fear/TM.FE2.197.tiff,Fear,1,"[63, 56, 193, 237]","[(158, 126), (98, 127), (130, 161), (152, 192), (106, 193)]"
../Dataset/JAFFE/Train/Fear/KL.FE2.175.tiff,Fear,1,"[66, 56, 191, 225]","[(157, 126), (101, 127), (130, 160), (152, 187), (109, 188)]"
../Dataset/JAFFE/Train/Fear/KR.FE2.90.tiff,Fear,1,"[72, 62, 192, 236]","[(157, 129), (99, 130), (127, 163), (150, 198), (106, 199)]"
../Dataset/JAFFE/Train/Fear/YM.FE4.70.tiff,Fear,1,"[62, 59, 194, 234]","[(159, 128), (96, 128), (127, 160), (152, 194), (103, 195)]"
../Dataset/JAFFE/Train/Fear/KA.FE1.45.tiff,Fear,1,"[67, 57, 195, 245]","[(159, 127), (100, 126), (130, 164), (152, 201), (106, 200)]"
../Dataset/JAFFE/Train/Fear/UY.FE3.154.tiff,Fear,1,"[55, 52, 190, 237]","[(159, 128), (98, 125), (129, 157), (148, 195), (101, 193)]"
../Dataset/JAFFE/Train/Fear/TM.FE1.196.tiff,Fear,1,"[56, 56, 184, 242]","[(157, 125), (97, 127), (134, 160), (151, 193), (102, 195)]"
../Dataset/JAFFE/Train/Fear/KA.FE4.48.tiff,Fear,1,"[67, 65, 195, 241]","[(159, 130), (99, 129), (126, 165), (149, 201), (104, 201)]"
../Dataset/JAFFE/Train/Fear/MK.FE2.132.tiff,Fear,1,"[67, 62, 194, 234]","[(158, 127), (100, 129), (130, 165), (157, 190), (107, 192)]"
../Dataset/JAFFE/Train/Fear/KL.FE3.176.tiff,Fear,1,"[68, 58, 191, 230]","[(157, 126), (99, 128), (129, 161), (153, 191), (108, 192)]"
../Dataset/JAFFE/Train/Fear/UY.FE1.152.tiff,Fear,1,"[50, 47, 194, 239]","[(162, 127), (97, 125), (134, 160), (153, 197), (103, 195)]"
../Dataset/JAFFE/Train/Fear/KM.FE1.23.tiff,Fear,1,"[70, 61, 194, 232]","[(160, 127), (98, 127), (125, 160), (151, 195), (102, 195)]"
../Dataset/JAFFE/Train/Fear/KM.FE2.24.tiff,Fear,1,"[68, 68, 193, 239]","[(157, 128), (98, 128), (125, 158), (152, 196), (104, 195)]"
../Dataset/JAFFE/Train/Fear/YM.FE2.68.tiff,Fear,1,"[64, 61, 192, 238]","[(161, 127), (98, 127), (131, 160), (156, 193), (102, 193)]"
